<?xml version="1.0" encoding="ISO-8859-1"?>
<!--
 Licensed to the Apache Software Foundation (ASF) under one or more
 contributor license agreements.  See the NOTICE file distributed with
 this work for additional information regarding copyright ownership.
 The ASF licenses this file to You under the Apache License, Version 2.0
 (the "License"); you may not use this file except in compliance with
 the License.  You may obtain a copy of the License at

      http://www.apache.org/licenses/LICENSE-2.0

 Unless required by applicable law or agreed to in writing, software
 distributed under the License is distributed on an "AS IS" BASIS,
 WITHOUT WARRANTIES OR CONDITIONS OF ANY KIND, either express or implied.
 See the License for the specific language governing permissions and
 limitations under the License.
-->
<project name="Collections">
    <bannerRight>
        <name>Commons Collections</name>
        <src>/images/logo.png</src>
        <href>/index.html</href>
    </bannerRight>

    <body>
        <menu name="Collections">
            <item name="Overview"             href="/index.html"/>
            <item name="Download"             href="/download_collections.cgi"/>
            <item name="Security Reports"     href="/security-reports.html"/>
            <item name="Users guide"          href="/userguide.html"/>
            <item name="History"              href="/history.html"/>
            <item name="Release Notes v4.1"   href="/release_4_1.html"/>
            <item name="Release Notes v4.0"   href="/release_4_0.html"/>
            <item name="Release Notes v3.2.2" href="/release_3_2_2.html"/>
            <item name="Javadoc v4.1"         href="/javadocs/api-release/index.html"/>
            <item name="Javadoc v4.0"         href="/javadocs/api-4.0/index.html"/>
            <item name="Javadoc v3.2.2"       href="/javadocs/api-3.2.2/index.html"/>
        </menu>

        <menu name="Development">
            <item name="Building"             href="/building.html"/>
            <item name="Mailing Lists"        href="/mail-lists.html"/>
            <item name="Issue Tracking"       href="/issue-tracking.html"/>
            <item name="Proposal"             href="/proposal.html"/>
            <item name="Source Repository"    href="/source-repository.html"/>
            <item name="Javadoc (GIT latest)" href="apidocs/index.html"/>
        </menu>

    </body>

</project>
